{"cameraMode":{"drawMode":0,"name":"Shaded","section":"Shading Mode"},"sceneLighting":true,"audioPlay":false,"sceneViewState":{"m_AlwaysRefresh":false,"showFog":true,"showSkybox":true,"showFlares":true,"showImageEffects":true,"showParticleSystems":true,"showVisualEffectGraphs":true,"m_FxEnabled":true},"in2DMode":false,"pivot":{"x":-0.631458580493927,"y":2.484402894973755,"z":0.9650535583496094},"rotation":{"x":-0.22340704500675202,"y":-0.0038050957955420019,"z":0.0008714972645975649,"w":-0.9747200608253479},"size":6.555093288421631,"orthographic":false}