{"cameraMode":{"drawMode":0,"name":"Shaded","section":"Shading Mode"},"sceneLighting":true,"audioPlay":false,"sceneViewState":{"m_AlwaysRefresh":false,"showFog":true,"showSkybox":true,"showFlares":true,"showImageEffects":true,"showParticleSystems":true,"showVisualEffectGraphs":true,"m_FxEnabled":true},"in2DMode":false,"pivot":{"x":-0.5429901480674744,"y":-3.760146141052246,"z":9.269227981567383},"rotation":{"x":-0.23361195623874665,"y":0.01224792841821909,"z":-0.0029434324242174627,"w":-0.9722480177879334},"size":9.89401626586914,"orthographic":false}